action_segment,total_revenue_at_risk,customer_count,avg_risk_score,avg_spend
Monitor,159512.77333333335,6491,32.67774216293623,53.496256549899385
At Risk,61642.805,442,112.67997786145393,87.5495265065056
Urgent Action,24276.641666666666,99,182.4838623381487,106.39115728877853
